{
    "name": "root",
    "gauges": {
        "Turtle.Policy.Entropy.mean": {
            "value": 1.3291658163070679,
            "min": 1.3060343265533447,
            "max": 1.3826234340667725,
            "count": 10
        },
        "Turtle.Policy.Entropy.sum": {
            "value": 66463.609375,
            "min": 65244.015625,
            "max": 69551.4921875,
            "count": 10
        },
        "Turtle.Environment.EpisodeLength.mean": {
            "value": 532.5333333333333,
            "min": 532.5333333333333,
            "max": 783.71875,
            "count": 10
        },
        "Turtle.Environment.EpisodeLength.sum": {
            "value": 47928.0,
            "min": 44335.0,
            "max": 52122.0,
            "count": 10
        },
        "Turtle.Step.mean": {
            "value": 499966.0,
            "min": 49968.0,
            "max": 499966.0,
            "count": 10
        },
        "Turtle.Step.sum": {
            "value": 499966.0,
            "min": 49968.0,
            "max": 499966.0,
            "count": 10
        },
        "Turtle.Policy.ExtrinsicValueEstimate.mean": {
            "value": -0.08590415120124817,
            "min": -0.23696009814739227,
            "max": -0.06670023500919342,
            "count": 10
        },
        "Turtle.Policy.ExtrinsicValueEstimate.sum": {
            "value": -70.78501892089844,
            "min": -192.1746368408203,
            "max": -55.02769470214844,
            "count": 10
        },
        "Turtle.Environment.CumulativeReward.mean": {
            "value": -0.457375601430734,
            "min": -3.841929179086135,
            "max": -0.457375601430734,
            "count": 10
        },
        "Turtle.Environment.CumulativeReward.sum": {
            "value": -41.16380412876606,
            "min": -249.72539664059877,
            "max": -41.16380412876606,
            "count": 10
        },
        "Turtle.Policy.ExtrinsicReward.mean": {
            "value": -0.457375601430734,
            "min": -3.841929179086135,
            "max": -0.457375601430734,
            "count": 10
        },
        "Turtle.Policy.ExtrinsicReward.sum": {
            "value": -41.16380412876606,
            "min": -249.72539664059877,
            "max": -41.16380412876606,
            "count": 10
        },
        "Turtle.Losses.PolicyLoss.mean": {
            "value": 0.022906973948702218,
            "min": 0.02021194963211504,
            "max": 0.025846644632207854,
            "count": 10
        },
        "Turtle.Losses.PolicyLoss.sum": {
            "value": 0.1145348697435111,
            "min": 0.08084779852846016,
            "max": 0.12923322316103927,
            "count": 10
        },
        "Turtle.Losses.ValueLoss.mean": {
            "value": 0.009312348148475091,
            "min": 0.005548477396368981,
            "max": 0.03527265740558505,
            "count": 10
        },
        "Turtle.Losses.ValueLoss.sum": {
            "value": 0.04656174074237546,
            "min": 0.0277423869818449,
            "max": 0.1410906296223402,
            "count": 10
        },
        "Turtle.Policy.LearningRate.mean": {
            "value": 1.621185459608e-05,
            "min": 1.621185459608e-05,
            "max": 0.00028440645519785,
            "count": 10
        },
        "Turtle.Policy.LearningRate.sum": {
            "value": 8.10592729804e-05,
            "min": 8.10592729804e-05,
            "max": 0.0012831864722711998,
            "count": 10
        },
        "Turtle.Policy.Epsilon.mean": {
            "value": 0.10540391999999998,
            "min": 0.10540391999999998,
            "max": 0.19480215,
            "count": 10
        },
        "Turtle.Policy.Epsilon.sum": {
            "value": 0.5270195999999999,
            "min": 0.4996382,
            "max": 0.9277288000000001,
            "count": 10
        },
        "Turtle.Policy.Beta.mean": {
            "value": 0.00027965560800000003,
            "min": 0.00027965560800000003,
            "max": 0.004740627285,
            "count": 10
        },
        "Turtle.Policy.Beta.sum": {
            "value": 0.0013982780400000003,
            "min": 0.0013982780400000003,
            "max": 0.02139366712,
            "count": 10
        },
        "Turtle.IsTraining.mean": {
            "value": 1.0,
            "min": 1.0,
            "max": 1.0,
            "count": 10
        },
        "Turtle.IsTraining.sum": {
            "value": 1.0,
            "min": 1.0,
            "max": 1.0,
            "count": 10
        }
    },
    "metadata": {
        "timer_format_version": "0.1.0",
        "start_time_seconds": "1757757272",
        "python_version": "3.9.13 (tags/v3.9.13:6de2ca5, May 17 2022, 16:36:42) [MSC v.1929 64 bit (AMD64)]",
        "command_line_arguments": "D:\\4Gamix\\Unity\\Unity 6\\Machine_Learning_Snake\\venv\\Scripts\\mlagents-learn --run-id=Turtles_6",
        "mlagents_version": "0.30.0",
        "mlagents_envs_version": "0.30.0",
        "communication_protocol_version": "1.5.0",
        "pytorch_version": "2.8.0+cpu",
        "numpy_version": "1.21.2",
        "end_time_seconds": "1757757856"
    },
    "total": 584.0609275,
    "count": 1,
    "self": 0.008231000000023414,
    "children": {
        "run_training.setup": {
            "total": 0.037567700000000315,
            "count": 1,
            "self": 0.037567700000000315
        },
        "TrainerController.start_learning": {
            "total": 584.0151288000001,
            "count": 1,
            "self": 1.1673636000003853,
            "children": {
                "TrainerController._reset_env": {
                    "total": 10.4381188,
                    "count": 1,
                    "self": 10.4381188
                },
                "TrainerController.advance": {
                    "total": 572.3573990999997,
                    "count": 42296,
                    "self": 1.200516100013715,
                    "children": {
                        "env_step": {
                            "total": 434.64644859999385,
                            "count": 42296,
                            "self": 374.4631322000075,
                            "children": {
                                "SubprocessEnvManager._take_step": {
                                    "total": 59.492264199995276,
                                    "count": 42296,
                                    "self": 3.194093399995907,
                                    "children": {
                                        "TorchPolicy.evaluate": {
                                            "total": 56.29817079999937,
                                            "count": 41689,
                                            "self": 56.29817079999937
                                        }
                                    }
                                },
                                "workers": {
                                    "total": 0.6910521999910255,
                                    "count": 42296,
                                    "self": 0.0,
                                    "children": {
                                        "worker_root": {
                                            "total": 573.3958729000059,
                                            "count": 42296,
                                            "is_parallel": true,
                                            "self": 261.84523140000204,
                                            "children": {
                                                "steps_from_proto": {
                                                    "total": 0.005514800000000264,
                                                    "count": 1,
                                                    "is_parallel": true,
                                                    "self": 0.002090700000000112,