{
    "name": "root",
    "gauges": {
        "Snake.Policy.Entropy.mean": {
            "value": 0.9709440469741821,
            "min": 0.9709440469741821,
            "max": 1.3751592636108398,
            "count": 10
        },
        "Snake.Policy.Entropy.sum": {
            "value": 48516.1328125,
            "min": 48516.1328125,
            "max": 69159.5078125,
            "count": 10
        },
        "Snake.Environment.EpisodeLength.mean": {
            "value": 55.673863636363635,
            "min": 36.51162790697674,
            "max": 55.673863636363635,
            "count": 10
        },
        "Snake.Environment.EpisodeLength.sum": {
            "value": 48993.0,
            "min": 48670.0,
            "max": 49087.0,
            "count": 10
        },
        "Snake.Step.mean": {
            "value": 499963.0,
            "min": 49949.0,
            "max": 499963.0,
            "count": 10
        },
        "Snake.Step.sum": {
            "value": 499963.0,
            "min": 49949.0,
            "max": 499963.0,
            "count": 10
        },
        "Snake.Policy.ExtrinsicValueEstimate.mean": {
            "value": -0.6521024703979492,
            "min": -0.805350661277771,
            "max": -0.4216962456703186,
            "count": 10
        },
        "Snake.Policy.ExtrinsicValueEstimate.sum": {
            "value": -785.7835083007812,
            "min": -1071.9217529296875,
            "max": -590.374755859375,
            "count": 10
        },
        "Snake.Environment.CumulativeReward.mean": {
            "value": -0.9497490247775039,
            "min": -1.0780696244686618,
            "max": -0.9418818318477735,
            "count": 10
        },
        "Snake.Environment.CumulativeReward.sum": {
            "value": -835.7791418042034,
            "min": -1435.9887397922575,
            "max": -835.7791418042034,
            "count": 10
        },
        "Snake.Policy.ExtrinsicReward.mean": {
            "value": -0.9497490247775039,
            "min": -1.0780696244686618,
            "max": -0.9418818318477735,
            "count": 10
        },
        "Snake.Policy.ExtrinsicReward.sum": {
            "value": -835.7791418042034,
            "min": -1435.9887397922575,
            "max": -835.7791418042034,
            "count": 10
        },
        "Snake.Losses.PolicyLoss.mean": {
            "value": 0.03362251372387012,
            "min": 0.031715635005384685,
            "max": 0.03546526432192574,
            "count": 10
        },
        "Snake.Losses.PolicyLoss.sum": {
            "value": 0.16811256861935062,
            "min": 0.1372259398844714,
            "max": 0.1773263216096287,
            "count": 10
        },
        "Snake.Losses.ValueLoss.mean": {
            "value": 0.06853945220510164,
            "min": 0.05369434388975303,
            "max": 0.0942718342722704,
            "count": 10
        },
        "Snake.Losses.ValueLoss.sum": {
            "value": 0.34269726102550824,
            "min": 0.23918667230755092,
            "max": 0.3770873370890816,
            "count": 10
        },
        "Snake.Policy.LearningRate.mean": {
            "value": 0.00015820186726605998,
            "min": 0.00015820186726605998,
            "max": 0.00029229202756932506,
            "count": 10
        },
        "Snake.Policy.LearningRate.sum": {
            "value": 0.0007910093363302999,
            "min": 0.0007498702500433,
            "max": 0.0013920348359884,
            "count": 10
        },
        "Snake.Policy.Epsilon.mean": {
            "value": 0.15273394,
            "min": 0.15273394,
            "max": 0.197430675,
            "count": 10
        },
        "Snake.Policy.Epsilon.sum": {
            "value": 0.7636697000000001,
            "min": 0.6499566999999999,
            "max": 0.9640116,
            "count": 10
        },
        "Snake.Policy.Beta.mean": {
            "value": 0.0026414236060000006,
            "min": 0.0026414236060000006,
            "max": 0.004871790682499999,
            "count": 10
        },
        "Snake.Policy.Beta.sum": {
            "value": 0.013207118030000003,
            "min": 0.01251283933,
            "max": 0.02320417884,
            "count": 10
        },
        "Snake.IsTraining.mean": {
            "value": 1.0,
            "min": 1.0,
            "max": 1.0,
            "count": 10
        },
        "Snake.IsTraining.sum": {
            "value": 1.0,
            "min": 1.0,
            "max": 1.0,
            "count": 10
        }
    },
    "metadata": {
        "timer_format_version": "0.1.0",
        "start_time_seconds": "1757891409",
        "python_version": "3.9.13 (tags/v3.9.13:6de2ca5, May 17 2022, 16:36:42) [MSC v.1929 64 bit (AMD64)]",
        "command_line_arguments": "D:\\4Gamix\\Unity\\Unity 6\\Machine_Learning_Snake\\venv\\Scripts\\mlagents-learn Config/Snake.yaml --run-id=Snake_1",
        "mlagents_version": "0.30.0",
        "mlagents_envs_version": "0.30.0",
        "communication_protocol_version": "1.5.0",
        "pytorch_version": "2.8.0+cpu",
        "numpy_version": "1.21.2",
        "end_time_seconds": "1757892353"
    },
    "total": 943.9432189,
    "count": 1,
    "self": 0.005289699999934783,
    "children": {
        "run_training.setup": {
            "total": 0.10893510000000006,
            "count": 1,
            "self": 0.10893510000000006
        },
        "TrainerController.start_learning": {
            "total": 943.8289941,
            "count": 1,
            "self": 1.3182959000047276,
            "children": {
                "TrainerController._reset_env": {
                    "total": 10.935713699999999,
                    "count": 1,
                    "self": 10.935713699999999
                },
                "TrainerController.advance": {
                    "total": 931.5382511999953,
                    "count": 50827,
                    "self": 1.3425150999897824,
                    "children": {
                        "env_step": {
                            "total": 777.3735884000048,
                            "count": 50827,
                            "self": 715.2823505000298,
                            "children": {
                                "SubprocessEnvManager._take_step": {
                                    "total": 61.29619099998669,
                                    "count": 50827,
                                    "self": 3.2679705999795345,
                                    "children": {
                                        "TorchPolicy.evaluate": {
                                            "total": 58.02822040000716,
                                            "count": 45507,
                                            "self": 58.02822040000716
                                        }
                                    }
                                },
                                "workers": {
                                    "total": 0.7950468999883036,
                                    "count": 50826,
                                    "self": 0.0,
                                    "children": {
                                        "worker_root": {
                                            "total": 869.9259335999865,
                                            "count": 50826,
                                            "is_parallel": true,
                                            "self": 287.53626309999925,
                                            "children": {
                                                "steps_from_proto": {
                                                    "total": 0.002006500000000244,
                                                    "count": 1,
                                                    "is_parallel": true,
                                                    "self": 0.0003083999999997644,