{"count":1,"self":174.9782656,"total":299.0223932,"children":{"InitializeActuators":{"count":9,"self":0.0020328,"total":0.0020328,"children":null},"InitializeSensors":{"count":9,"self":0.0030792999999999997,"total":0.0077328,"children":{"CreateObservableSensors":{"count":9,"self":0.0046535,"total":0.0046535,"children":null}}},"AgentSendState":{"count":277201,"self":4.218838,"total":18.7740786,"children":{"CollectObservations":{"count":2494809,"self":12.184367199999999,"total":12.184366899999999,"children":null},"WriteActionMask":{"count":2494809,"self":0.65036129999999992,"total":0.65036129999999992,"children":null},"RequestDecision":{"count":2494809,"self":1.7205123999999998,"total":1.7205123999999998,"children":null}}},"DecideAction":{"count":277201,"self":100.37552,"total":100.3755218,"children":null},"AgentAct":{"count":277201,"self":4.883748,"total":4.8837481,"children":null}},"gauges":{"Snake.CumulativeReward":{"count":741,"max":10602.1221,"min":-2245.3584,"runningAverage":3390.83813,"value":3302.834,"weightedAverage":3921.07471}},"metadata":{"timer_format_version":"0.1.0","start_time_seconds":"1758036388","unity_version":"6000.0.32f1","command_line_arguments":"C:\\Program Files\\Unity 6000.0.32f1\\Editor\\Unity.exe","communication_protocol_version":"1.5.0","com.unity.ml-agents_version":"3.0.0","scene_name":"Snake Agent","end_time_seconds":"1758036687"}}