{"count":1,"self":360.8448256,"total":368.4484712,"children":{"InitializeActuators":{"count":1,"self":0.0010019999999999999,"total":0.0010019999999999999,"children":null},"InitializeSensors":{"count":1,"self":0.0009994,"total":0.004023,"children":{"CreateObservableSensors":{"count":1,"self":0.0030236,"total":0.0030236,"children":null}}},"AgentSendState":{"count":18119,"self":0.08807269999999999,"total":0.4429574,"children":{"CollectObservations":{"count":18119,"self":0.2589538,"total":0.2589538,"children":null},"WriteActionMask":{"count":18119,"self":0.017183999999999998,"total":0.017183999999999998,"children":null},"RequestDecision":{"count":18119,"self":0.0787469,"total":0.0787469,"children":null}}},"DecideAction":{"count":18119,"self":6.2798511999999995,"total":6.2798511999999995,"children":null},"AgentAct":{"count":18119,"self":0.097352799999999989,"total":0.097352799999999989,"children":null},"CreateObservableSensors":{"count":5482,"self":0.77745559999999991,"total":0.77745559999999991,"children":null}},"gauges":{"Snake.CumulativeReward":{"count":12,"max":2060.045,"min":-3990.64478,"runningAverage":845.400757,"value":920.4321,"weightedAverage":791.045532}},"metadata":{"timer_format_version":"0.1.0","start_time_seconds":"1758222143","unity_version":"6000.1.4f1","command_line_arguments":"D:\\Unity 6\\Editor\\Unity.exe -projectpath D:\\4Gamix\\Unity\\Unity 6\\Machine_Learning_Snake -acceptSoftwareTermsForThisRunOnly -useHub -hubIPC -cloudEnvironment production","communication_protocol_version":"1.5.0","com.unity.ml-agents_version":"3.0.0","scene_name":"Snake Agent","end_time_seconds":"1758222511"}}