{"count":1,"self":341.04545279999996,"total":1071.4288600999998,"children":{"InitializeActuators":{"count":12,"self":0.0020020999999999997,"total":0.0020020999999999997,"children":null},"InitializeSensors":{"count":12,"self":0.0019943,"total":0.0019943,"children":null},"AgentSendState":{"count":416751,"self":1.8136615999999999,"total":9.230915,"children":{"CollectObservations":{"count":1000212,"self":1.4255506999999998,"total":1.4255506999999998,"children":null},"WriteActionMask":{"count":1000212,"self":0.24215199999999998,"total":0.24215199999999998,"children":null},"RequestDecision":{"count":1000212,"self":1.5763681999999999,"total":5.7495506,"children":{"AgentInfo.ToProto":{"count":1000212,"self":1.37953,"total":4.1731824,"children":{"GenerateSensorData":{"count":1000212,"self":2.7936524,"total":2.7936524,"children":null}}}}}}},"DecideAction":{"count":416751,"self":712.8019968,"total":712.80201619999991,"children":null},"AgentAct":{"count":416751,"self":8.0108864,"total":8.0158647,"children":{"AgentInfo.ToProto":{"count":209,"self":0.0009766,"total":0.0049778999999999995,"children":{"GenerateSensorData":{"count":209,"self":0.0040013,"total":0.0040013,"children":null}}}}},"AgentInfo.ToProto":{"count":21471,"self":0.1291098,"total":0.3296183,"children":{"GenerateSensorData":{"count":21471,"self":0.20050849999999998,"total":0.20050849999999998,"children":null}}}},"gauges":{"Turtle.CumulativeReward":{"count":21680,"max":0.9944,"min":-17.5334988,"runningAverage":0.879355,"value":0.7703984,"weightedAverage":0.8834862}},"metadata":{"timer_format_version":"0.1.0","start_time_seconds":"1757758206","unity_version":"6000.1.4f1","command_line_arguments":"D:\\Unity 6\\Editor\\Unity.exe -projectpath D:\\4Gamix\\Unity\\Unity 6\\Machine_Learning_Snake -acceptSoftwareTermsForThisRunOnly -useHub -hubIPC -cloudEnvironment production","communication_protocol_version":"1.5.0","com.unity.ml-agents_version":"3.0.0","scene_name":"Turtle Agent","end_time_seconds":"1757759277"}}