{
    "name": "root",
    "metadata": {
        "timer_format_version": "0.1.0",
        "start_time_seconds": "1758017763",
        "python_version": "3.9.13 (tags/v3.9.13:6de2ca5, May 17 2022, 16:36:42) [MSC v.1929 64 bit (AMD64)]",
        "command_line_arguments": "C:\\Users\\Blue\\Desktop\\Machine_Learning_Snake\\venv\\Scripts\\mlagents-learn --run-id=test2",
        "mlagents_version": "0.30.0",
        "mlagents_envs_version": "0.30.0",
        "communication_protocol_version": "1.5.0",
        "pytorch_version": "2.8.0+cpu",
        "numpy_version": "1.21.2",
        "end_time_seconds": "1758017945"
    },
    "total": 182.6184799,
    "count": 1,
    "self": 0.007587599999993699,
    "children": {
        "run_training.setup": {
            "total": 0.041933100000000056,
            "count": 1,
            "self": 0.041933100000000056
        },
        "TrainerController.start_learning": {
            "total": 182.56895920000002,
            "count": 1,
            "self": 0.261495000000167,
            "children": {
                "TrainerController._reset_env": {
                    "total": 17.250531900000002,
                    "count": 1,
                    "self": 17.250531900000002
                },
                "TrainerController.advance": {
                    "total": 161.31122499999987,
                    "count": 11857,
                    "self": 0.24460250000007022,
                    "children": {
                        "env_step": {
                            "total": 157.32497999999993,
                            "count": 11857,
                            "self": 142.22575319999902,
                            "children": {
                                "SubprocessEnvManager._take_step": {
                                    "total": 14.931161400000047,
                                    "count": 11857,
                                    "self": 0.8617648000003548,
                                    "children": {
                                        "TorchPolicy.evaluate": {
                                            "total": 14.069396599999692,
                                            "count": 11741,
                                            "self": 14.069396599999692
                                        }
                                    }
                                },
                                "workers": {
                                    "total": 0.16806540000084524,
                                    "count": 11856,
                                    "self": 0.0,
                                    "children": {
                                        "worker_root": {
                                            "total": 99.29071249999957,
                                            "count": 11856,
                                            "is_parallel": true,
                                            "self": 34.94574989999991,
                                            "children": {
                                                "steps_from_proto": {
                                                    "total": 0.00042230000000031964,
                                                    "count": 1,
                                                    "is_parallel": true,
                                                    "self": 0.00023700000000204113,
                                                    "children": {
                                                        "_process_rank_one_or_two_observation": {
                                                            "total": 0.0001852999999982785,
                                                            "count": 2,
                                                            "is_parallel": true,
                                                            "self": 0.0001852999999982785
                                                        }
                                                    }
                                                },
                                                "UnityEnvironment.step": {
                                                    "total": 64.34454029999966,
                                                    "count": 11856,
                                                    "is_parallel": true,
                                                    "self": 1.1031753000000748,
                                                    "children": {
                                                        "UnityEnvironment._generate_step_input": {
                                                            "total": 1.1492810000001938,
                                                            "count": 11856,
                                                            "is_parallel": true,
                                                            "self": 1.1492810000001938
                                                        },
                                                        "communicator.exchange": {
                                                            "total": 58.78894260000007,
                                                            "count": 11856,
                                                            "is_parallel": true,
                                                            "self": 58.78894260000007
                                                        },
                                                        "steps_from_proto": {
                                                            "total": 3.303141399999326,
                                                            "count": 11856,
                                                            "is_parallel": true,
                                                            "self": 1.8720944999989548,
                                                            "children": {
                                                                "_process_rank_one_or_two_observation": {
                                                                    "total": 1.4310469000003714,
                                                                    "count": 23712,
                                                                    "is_parallel": true,
                                                                    "self": 1.4310469000003714
                                                                }
                                                            }
                                                        }
                                                    }
                                                }
                                            }
                                        }
                                    }
                                }
                            }
                        },
                        "trainer_advance": {
                            "total": 3.741642499999866,
                            "count": 11856,
                            "self": 0.31727729999973775,
                            "children": {
                                "process_trajectory": {
                                    "total": 1.0642293000001395,
                                    "count": 11856,
                                    "self": 1.0642293000001395
                                },
                                "_update_policy": {
                                    "total": 2.360135899999989,
                                    "count": 1,
                                    "self": 1.782138299999957,
                                    "children": {
                                        "TorchPPOOptimizer.update": {
                                            "total": 0.5779976000000318,
                                            "count": 30,