{
    "name": "root",
    "metadata": {
        "timer_format_version": "0.1.0",
        "start_time_seconds": "1758017290",
        "python_version": "3.9.13 (tags/v3.9.13:6de2ca5, May 17 2022, 16:36:42) [MSC v.1929 64 bit (AMD64)]",
        "command_line_arguments": "C:\\Users\\Blue\\Desktop\\Machine_Learning_Snake\\venv\\Scripts\\mlagents-learn --resume --run-id=test1",
        "mlagents_version": "0.30.0",
        "mlagents_envs_version": "0.30.0",
        "communication_protocol_version": "1.5.0",
        "pytorch_version": "2.8.0+cpu",
        "numpy_version": "1.21.2",
        "end_time_seconds": "1758017728"
    },
    "total": 437.5747409,
    "count": 1,
    "self": 0.0985873000000197,
    "children": {
        "run_training.setup": {
            "total": 0.050033500000000064,
            "count": 1,
            "self": 0.050033500000000064
        },
        "TrainerController.start_learning": {
            "total": 437.4261201,
            "count": 1,
            "self": 0.00020299999999906504,
            "children": {
                "TrainerController._reset_env": {
                    "total": 332.4584082,
                    "count": 1,
                    "self": 332.4584082
                },
                "TrainerController.advance": {
                    "total": 104.85047609999998,
                    "count": 1,
                    "self": 3.659999998717467e-05,
                    "children": {
                        "env_step": {
                            "total": 104.85042099999998,
                            "count": 1,
                            "self": 104.85039439999991,
                            "children": {
                                "SubprocessEnvManager._take_step": {
                                    "total": 8.00000003664536e-06,
                                    "count": 2,
                                    "self": 8.00000003664536e-06
                                },
                                "workers": {
                                    "total": 1.86000000326203e-05,
                                    "count": 1,
                                    "self": 0.0,
                                    "children": {
                                        "worker_root": {
                                            "total": 0.028921900000000278,
                                            "count": 1,
                                            "is_parallel": true,
                                            "self": 0.0009271999999995728,
                                            "children": {
                                                "steps_from_proto": {
                                                    "total": 0.0005481999999972231,
                                                    "count": 1,
                                                    "is_parallel": true,
                                                    "self": 0.00033559999999255297,
                                                    "children": {
                                                        "_process_rank_one_or_two_observation": {
                                                            "total": 0.00021260000000467016,
                                                            "count": 2,
                                                            "is_parallel": true,
                                                            "self": 0.00021260000000467016
                                                        }
                                                    }
                                                },
                                                "UnityEnvironment.step": {
                                                    "total": 0.027446500000003482,
                                                    "count": 1,
                                                    "is_parallel": true,
                                                    "self": 0.00017420000000356595,
                                                    "children": {
                                                        "UnityEnvironment._generate_step_input": {
                                                            "total": 9.239999999977044e-05,
                                                            "count": 1,
                                                            "is_parallel": true,
                                                            "self": 9.239999999977044e-05
                                                        },
                                                        "communicator.exchange": {
                                                            "total": 0.026855199999999968,
                                                            "count": 1,
                                                            "is_parallel": true,
                                                            "self": 0.026855199999999968
                                                        },
                                                        "steps_from_proto": {
                                                            "total": 0.0003247000000001776,
                                                            "count": 1,
                                                            "is_parallel": true,
                                                            "self": 0.00018730000000743985,
                                                            "children": {
                                                                "_process_rank_one_or_two_observation": {
                                                                    "total": 0.00013739999999273778,
                                                                    "count": 2,
                                                                    "is_parallel": true,
                                                                    "self": 0.00013739999999273778
                                                                }
                                                            }
                                                        }
                                                    }
                                                }
                                            }
                                        }
                                    }
                                }
                            }
                        },
                        "trainer_advance": {
                            "total": 1.850000001013541e-05,
                            "count": 1,
                            "self": 1.1800000038419967e-05,
                            "children": {
                                "process_trajectory": {
                                    "total": 6.699999971715442e-06,
                                    "count": 1,
                                    "self": 6.699999971715442e-06
                                }
                            }
                        }
                    }
                },
                "trainer_threads": {
                    "total": 6.000000212225132e-07,
                    "count": 1,
                    "self": 6.000000212225132e-07
                },
                "TrainerController._save_models": {
                    "total": 0.11703219999998282,
                    "count": 1,
                    "self": 0.01819349999999531,
                    "children": {
                        "RLTrainer._checkpoint": {
                            "total": 0.09883869999998751,
                            "count": 1,
                            "self": 0.09883869999998751
                        }
                    }
                }
            }
        }
    }
}