{
    "name": "root",
    "metadata": {
        "timer_format_version": "0.1.0",
        "start_time_seconds": "1757683744",
        "python_version": "3.9.13 (tags/v3.9.13:6de2ca5, May 17 2022, 16:36:42) [MSC v.1929 64 bit (AMD64)]",
        "command_line_arguments": "D:\\4Gamix\\Unity\\Unity 6\\Machine_Learning_Snake\\venv\\Scripts\\mlagents-learn --run-id=Turtle_1",
        "mlagents_version": "0.30.0",
        "mlagents_envs_version": "0.30.0",
        "communication_protocol_version": "1.5.0",
        "pytorch_version": "2.8.0+cpu",
        "numpy_version": "1.21.2",
        "end_time_seconds": "1757684096"
    },
    "total": 352.6202109,
    "count": 1,
    "self": 0.0066691000000105305,
    "children": {
        "run_training.setup": {
            "total": 0.06572060000000013,
            "count": 1,
            "self": 0.06572060000000013
        },
        "TrainerController.start_learning": {
            "total": 352.5478212,
            "count": 1,
            "self": 0.00015760000002273955,
            "children": {
                "TrainerController._reset_env": {
                    "total": 25.9483566,
                    "count": 1,
                    "self": 25.9483566
                },
                "TrainerController.advance": {
                    "total": 326.43114019999996,
                    "count": 1,
                    "self": 2.9799999992974335e-05,
                    "children": {
                        "env_step": {
                            "total": 326.43111039999997,
                            "count": 1,
                            "self": 326.43110479999996,
                            "children": {
                                "SubprocessEnvManager._take_step": {
                                    "total": 5.600000001493299e-06,
                                    "count": 1,
                                    "self": 5.600000001493299e-06
                                }
                            }
                        }
                    }
                },
                "TrainerController._save_models": {
                    "total": 0.1681667999999945,
                    "count": 1,
                    "self": 0.0011599000000046544,
                    "children": {
                        "RLTrainer._checkpoint": {
                            "total": 0.16700689999998986,
                            "count": 1,
                            "self": 0.16700689999998986
                        }
                    }
                }
            }
        }
    }
}